<?xml version="1.0" encoding="UTF-8"?>
<config xmlns="http://www.knime.org/2008/09/XMLConfig" xmlns:xsi="http://www.w3.org/2001/XMLSchema-instance" xsi:schemaLocation="http://www.knime.org/2008/09/XMLConfig http://www.knime.org/XMLConfig_2008_09.xsd" key="settings.xml">
<entry key="name" type="xstring" value="Decision Tree Learner"/>
<config key="model">
<config key="classifyColumn_Internals">
<entry key="SettingsModelID" type="xstring" value="SMID_string"/>
<entry key="EnabledStatus" type="xboolean" value="true"/>
</config>
<entry key="classifyColumn" type="xstring" value="PostBugs"/>
<config key="numverRecordsToView_Internals">
<entry key="SettingsModelID" type="xstring" value="SMID_integer"/>
<entry key="EnabledStatus" type="xboolean" value="true"/>
</config>
<entry key="numverRecordsToView" type="xint" value="10000"/>
<config key="minNumberRecordsPerNode_Internals">
<entry key="SettingsModelID" type="xstring" value="SMID_integer"/>
<entry key="EnabledStatus" type="xboolean" value="true"/>
</config>
<entry key="minNumberRecordsPerNode" type="xint" value="2"/>
<config key="pruningMethod_Internals">
<entry key="SettingsModelID" type="xstring" value="SMID_string"/>
<entry key="EnabledStatus" type="xboolean" value="true"/>
</config>
<entry key="pruningMethod" type="xstring" value="No pruning"/>
<config key="splitQualityMeasure_Internals">
<entry key="SettingsModelID" type="xstring" value="SMID_string"/>
<entry key="EnabledStatus" type="xboolean" value="true"/>
</config>
<entry key="splitQualityMeasure" type="xstring" value="Gini index"/>
<config key="splitAverage_Internals">
<entry key="SettingsModelID" type="xstring" value="SMID_boolean"/>
<entry key="EnabledStatus" type="xboolean" value="true"/>
</config>
<entry key="splitAverage" type="xboolean" value="false"/>
<config key="numProcessors_Internals">
<entry key="SettingsModelID" type="xstring" value="SMID_integer"/>
<entry key="EnabledStatus" type="xboolean" value="true"/>
</config>
<entry key="numProcessors" type="xint" value="3"/>
<config key="maxNumNominalValues_Internals">
<entry key="SettingsModelID" type="xstring" value="SMID_integer"/>
<entry key="EnabledStatus" type="xboolean" value="false"/>
</config>
<entry key="maxNumNominalValues" type="xint" value="10"/>
<config key="binaryNominalSplit_Internals">
<entry key="SettingsModelID" type="xstring" value="SMID_boolean"/>
<entry key="EnabledStatus" type="xboolean" value="true"/>
</config>
<entry key="binaryNominalSplit" type="xboolean" value="false"/>
<config key="FilterNominalValuesFromParent_Internals">
<entry key="SettingsModelID" type="xstring" value="SMID_boolean"/>
<entry key="EnabledStatus" type="xboolean" value="true"/>
</config>
<entry key="FilterNominalValuesFromParent" type="xboolean" value="false"/>
<config key="skipColumnsWithoutDomain_Internals">
<entry key="SettingsModelID" type="xstring" value="SMID_boolean"/>
<entry key="EnabledStatus" type="xboolean" value="true"/>
</config>
<entry key="skipColumnsWithoutDomain" type="xboolean" value="true"/>
</config>
<entry key="hasContent" type="xboolean" value="true"/>
<entry key="isInactive" type="xboolean" value="false"/>
<config key="ports">
<config key="port_1">
<entry key="index" type="xint" value="1"/>
<entry key="port_spec_class" type="xstring" value="org.knime.core.node.port.pmml.PMMLPortObjectSpec"/>
<entry key="port_object_class" type="xstring" value="org.knime.core.node.port.pmml.PMMLPortObject"/>
<entry key="port_object_summary" type="xstring" value="PMML document with version 4.1 and models: TreeModel"/>
<entry key="port_spec_location" type="xstring" value="spec/spec.zip"/>
<entry key="port_object_location" type="xstring" value="object/portobject.zip"/>
<entry key="port_dir_location" type="xstring" value="port_1"/>
</config>
</config>
<config key="filestores">
<entry key="file_store_location" type="xstring" isnull="true" value=""/>
<entry key="file_store_id" type="xstring" value="2dc1a5a2-509b-4ffb-87d8-32bfa51458da"/>
</config>
</config>
