<?xml version="1.0" encoding="UTF-8"?>
<config xmlns="http://www.knime.org/2008/09/XMLConfig" xmlns:xsi="http://www.w3.org/2001/XMLSchema-instance" xsi:schemaLocation="http://www.knime.org/2008/09/XMLConfig http://www.knime.org/XMLConfig_2008_09.xsd" key="settings.xml">
<entry key="name" type="xstring" value="Marker Parser(+)"/>
<config key="model">
<config key="depress.scm.svn.extmarkerparser.idregexp_Internals">
<entry key="SettingsModelID" type="xstring" value="SMID_string"/>
<entry key="EnabledStatus" type="xboolean" value="true"/>
</config>
<entry key="depress.scm.svn.extmarkerparser.idregexp" type="xstring" value="([0-9]+)"/>
<config key="depress.scm.svn.extmarkerparser.builder_Internals">
<entry key="SettingsModelID" type="xstring" value="SMID_string"/>
<entry key="EnabledStatus" type="xboolean" value="true"/>
</config>
<entry key="depress.scm.svn.extmarkerparser.builder" type="xstring" value="%s"/>
<config key="depress.scm.svn.extmarkerparser.keywordsregexp_Internals">
<entry key="SettingsModelID" type="xstring" value="SMID_string"/>
<entry key="EnabledStatus" type="xboolean" value="true"/>
</config>
<entry key="depress.scm.svn.extmarkerparser.keywordsregexp" type="xstring" value="(?i)^.*\b(bugs?|fix(e[ds])?|defects?|patch|pr)\b.*$"/>
<config key="depress.scm.svn.extmarkerparser.keywords_Internals">
<entry key="SettingsModelID" type="xstring" value="SMID_string"/>
<entry key="EnabledStatus" type="xboolean" value="true"/>
</config>
<entry key="depress.scm.svn.extmarkerparser.keywords" type="xstring" value="exception"/>
<config key="depress.scm.svn.extmarkerparser.onlyids_Internals">
<entry key="SettingsModelID" type="xstring" value="SMID_string"/>
<entry key="EnabledStatus" type="xboolean" value="true"/>
</config>
<entry key="depress.scm.svn.extmarkerparser.onlyids" type="xstring" value="^[,0-9 ]+$"/>
</config>
<entry key="hasContent" type="xboolean" value="true"/>
<entry key="isInactive" type="xboolean" value="false"/>
<config key="ports">
<config key="port_1">
<entry key="index" type="xint" value="1"/>
<entry key="port_spec_class" type="xstring" value="org.knime.core.data.DataTableSpec"/>
<entry key="port_object_class" type="xstring" value="org.knime.core.node.BufferedDataTable"/>
<entry key="port_object_summary" type="xstring" value="Rows: 7, Cols: 4"/>
<entry key="port_dir_location" type="xstring" value="port_1"/>
</config>
</config>
<config key="filestores">
<entry key="file_store_location" type="xstring" isnull="true" value=""/>
<entry key="file_store_id" type="xstring" value="64b879af-2d1a-46ac-ab72-489c05721da5"/>
</config>
</config>
