<?xml version="1.0" encoding="UTF-8"?>
<config xmlns="http://www.knime.org/2008/09/XMLConfig" xmlns:xsi="http://www.w3.org/2001/XMLSchema-instance" xsi:schemaLocation="http://www.knime.org/2008/09/XMLConfig http://www.knime.org/XMLConfig_2008_09.xsd" key="settings.xml">
<entry key="name" type="xstring" value="Git SCM"/>
<config key="model">
<config key="depress.scm.git.filename_Internals">
<entry key="SettingsModelID" type="xstring" value="SMID_string"/>
<entry key="EnabledStatus" type="xboolean" value="true"/>
</config>
<entry key="depress.scm.git.filename" type="xstring" value="E:\GitHub\ic-depress\examples\commons-math\2.1\input\git_pre.txt"/>
<config key="depress.scm.git.regexp_Internals">
<entry key="SettingsModelID" type="xstring" value="SMID_string"/>
<entry key="EnabledStatus" type="xboolean" value="true"/>
</config>
<entry key="depress.scm.git.regexp" type="xstring" value="(MATH-[0-9]+)"/>
<config key="depress.scm.git.package_Internals">
<entry key="SettingsModelID" type="xstring" value="SMN_string_disact"/>
<entry key="EnabledStatus" type="xboolean" value="true"/>
</config>
<entry key="depress.scm.git.package" type="xstring" value="org."/>
<entry key="depress.scm.git.package_BOOL" type="xboolean" value="true"/>
</config>
<entry key="hasContent" type="xboolean" value="true"/>
<entry key="isInactive" type="xboolean" value="false"/>
<config key="ports">
<config key="port_1">
<entry key="index" type="xint" value="1"/>
<entry key="port_spec_class" type="xstring" value="org.knime.core.data.DataTableSpec"/>
<entry key="port_object_class" type="xstring" value="org.knime.core.node.BufferedDataTable"/>
<entry key="port_object_summary" type="xstring" value="Rows: 12214, Cols: 8"/>
<entry key="port_dir_location" type="xstring" value="port_1"/>
</config>
</config>
<config key="filestores">
<entry key="file_store_location" type="xstring" isnull="true" value=""/>
<entry key="file_store_id" type="xstring" value="5f4d6ebf-7099-4e28-b44f-8f02036b2fdf"/>
</config>
</config>
