<?xml version="1.0" encoding="UTF-8"?>
<config xmlns="http://www.knime.org/2008/09/XMLConfig" xmlns:xsi="http://www.w3.org/2001/XMLSchema-instance" xsi:schemaLocation="http://www.knime.org/2008/09/XMLConfig http://www.knime.org/XMLConfig_2008_09.xsd" key="settings.xml">
<entry key="name" type="xstring" value="Numeric Binner"/>
<config key="model">
<config key="PostBugs">
<config key="0_0">
<entry key="bin_name" type="xstring" value="0"/>
<entry key="left_open" type="xboolean" value="true"/>
<entry key="left_value" type="xdouble" value="-Infinity"/>
<entry key="right_open" type="xboolean" value="true"/>
<entry key="right_value" type="xdouble" value="1.0"/>
</config>
<config key="1_1">
<entry key="bin_name" type="xstring" value="1"/>
<entry key="left_open" type="xboolean" value="false"/>
<entry key="left_value" type="xdouble" value="1.0"/>
<entry key="right_open" type="xboolean" value="true"/>
<entry key="right_value" type="xdouble" value="Infinity"/>
</config>
</config>
<entry key="PostBugs_is_appended" type="xstring" isnull="true" value=""/>
<config key="binned_columns">
<entry key="array-size" type="xint" value="1"/>
<entry key="0" type="xstring" value="PostBugs"/>
</config>
</config>
<entry key="hasContent" type="xboolean" value="true"/>
<entry key="isInactive" type="xboolean" value="false"/>
<config key="ports">
<config key="port_1">
<entry key="index" type="xint" value="1"/>
<entry key="port_spec_class" type="xstring" value="org.knime.core.data.DataTableSpec"/>
<entry key="port_object_class" type="xstring" value="org.knime.core.node.BufferedDataTable"/>
<entry key="port_object_summary" type="xstring" value="Rows: 332, Cols: 7"/>
<entry key="port_dir_location" type="xstring" value="port_1"/>
</config>
</config>
<config key="filestores">
<entry key="file_store_location" type="xstring" isnull="true" value=""/>
<entry key="file_store_id" type="xstring" value="c183fe41-2e27-47de-96ed-f97cf5161aaf"/>
</config>
</config>
