<?xml version="1.0" encoding="UTF-8"?>
<config xmlns="http://www.knime.org/2008/09/XMLConfig" xmlns:xsi="http://www.w3.org/2001/XMLSchema-instance" xsi:schemaLocation="http://www.knime.org/2008/09/XMLConfig http://www.knime.org/XMLConfig_2008_09.xsd" key="settings.xml">
<entry key="name" type="xstring" value="Joiner"/>
<config key="model">
<entry key="duplicateHandling" type="xstring" value="AppendSuffixAutomatic"/>
<entry key="compositionMode" type="xstring" value="MatchAll"/>
<entry key="joinMode" type="xstring" value="InnerJoin"/>
<config key="leftTableJoinPredicate">
<entry key="array-size" type="xint" value="1"/>
<entry key="0" type="xstring" value="$RowID$"/>
</config>
<config key="rightTableJoinPredicate">
<entry key="array-size" type="xint" value="1"/>
<entry key="0" type="xstring" value="$RowID$"/>
</config>
<entry key="suffix" type="xstring" value="(*)"/>
<config key="leftIncludeCols">
<entry key="array-size" type="xint" value="13"/>
<entry key="0" type="xstring" value="NOE"/>
<entry key="1" type="xstring" value="NOEE"/>
<entry key="2" type="xstring" value="EF"/>
<entry key="3" type="xstring" value="DMO"/>
<entry key="4" type="xstring" value="PO"/>
<entry key="5" type="xstring" value="OCO"/>
<entry key="6" type="xstring" value="OOW"/>
<entry key="7" type="xstring" value="OIF"/>
<entry key="8" type="xstring" value="NOE1"/>
<entry key="9" type="xstring" value="NOE2"/>
<entry key="10" type="xstring" value="NOE3"/>
<entry key="11" type="xstring" value="NOE4"/>
<entry key="12" type="xstring" value="NOE5"/>
</config>
<config key="rightIncludeCols">
<entry key="array-size" type="xint" value="3"/>
<entry key="0" type="xstring" value="Issues"/>
<entry key="1" type="xstring" value="PreBugs"/>
<entry key="2" type="xstring" value="NumberOfUniqueIssues"/>
</config>
<entry key="leftIncludeAll" type="xboolean" value="true"/>
<entry key="rightIncludeAll" type="xboolean" value="true"/>
<entry key="rmLeftJoinCols" type="xboolean" value="false"/>
<entry key="rmRightJoinCols" type="xboolean" value="true"/>
<entry key="maxOpenFiles" type="xint" value="200"/>
<entry key="rowKeySeparator" type="xstring" value="_"/>
<entry key="enableHiLite" type="xboolean" value="false"/>
<entry key="numBitsInitial" type="xint" value="6"/>
<entry key="numBitsMaximal" type="xint" value="32"/>
<entry key="usedMemoryThreshold" type="xdouble" value="0.85"/>
<entry key="minAvailableMemory" type="xlong" value="10000000"/>
<entry key="memUseCollectionUsage" type="xboolean" value="true"/>
<entry key="version" type="xstring" value="version_2.1"/>
</config>
<entry key="hasContent" type="xboolean" value="true"/>
<entry key="isInactive" type="xboolean" value="false"/>
<config key="ports">
<config key="port_1">
<entry key="index" type="xint" value="1"/>
<entry key="port_spec_class" type="xstring" value="org.knime.core.data.DataTableSpec"/>
<entry key="port_object_class" type="xstring" value="org.knime.core.node.BufferedDataTable"/>
<entry key="port_object_summary" type="xstring" value="Rows: 430, Cols: 16"/>
<entry key="port_dir_location" type="xstring" value="port_1"/>
</config>
</config>
<config key="filestores">
<entry key="file_store_location" type="xstring" isnull="true" value=""/>
<entry key="file_store_id" type="xstring" value="1abb7c5a-b78d-4900-b9fd-38e9c74b9499"/>
</config>
</config>
