<?xml version="1.0" encoding="UTF-8"?>
<config xmlns="http://www.knime.org/2008/09/XMLConfig" xmlns:xsi="http://www.w3.org/2001/XMLSchema-instance" xsi:schemaLocation="http://www.knime.org/2008/09/XMLConfig http://www.knime.org/XMLConfig_2008_09.xsd" key="settings.xml">
<entry key="name" type="xstring" value="Decryption"/>
<config key="model">
<config key="depress.data.anondecryption">
<entry key="filter-type" type="xstring" value="STANDARD"/>
<config key="included_names">
<entry key="array-size" type="xint" value="1"/>
<entry key="0" type="xstring" value="Summary"/>
</config>
<config key="excluded_names">
<entry key="array-size" type="xint" value="7"/>
<entry key="0" type="xstring" value="ID"/>
<entry key="1" type="xstring" value="Status"/>
<entry key="2" type="xstring" value="Type"/>
<entry key="3" type="xstring" value="Resolution"/>
<entry key="4" type="xstring" value="Priority"/>
<entry key="5" type="xstring" value="Link"/>
<entry key="6" type="xstring" value="Description"/>
</config>
<entry key="enforce_option" type="xstring" value="EnforceExclusion"/>
</config>
</config>
<entry key="hasContent" type="xboolean" value="true"/>
<entry key="isInactive" type="xboolean" value="false"/>
<config key="ports">
<config key="port_1">
<entry key="index" type="xint" value="1"/>
<entry key="port_spec_class" type="xstring" value="org.knime.core.data.DataTableSpec"/>
<entry key="port_object_class" type="xstring" value="org.knime.core.node.BufferedDataTable"/>
<entry key="port_object_summary" type="xstring" value="Rows: 500, Cols: 14"/>
<entry key="port_dir_location" type="xstring" value="port_1"/>
</config>
</config>
<config key="filestores">
<entry key="file_store_location" type="xstring" isnull="true" value=""/>
<entry key="file_store_id" type="xstring" value="6639186c-b482-44cf-b4d5-c61492e665ab"/>
</config>
</config>
