<?xml version="1.0" encoding="UTF-8"?>
<config xmlns="http://www.knime.org/2008/09/XMLConfig" xmlns:xsi="http://www.w3.org/2001/XMLSchema-instance" xsi:schemaLocation="http://www.knime.org/2008/09/XMLConfig http://www.knime.org/XMLConfig_2008_09.xsd" key="settings.xml">
<entry key="name" type="xstring" value="Extract Time Window"/>
<config key="model">
<config key="timestamp_from_Internals">
<entry key="SettingsModelID" type="xstring" value="settingsmodel.datetime"/>
<entry key="EnabledStatus" type="xboolean" value="true"/>
</config>
<config key="timestamp_from">
<entry key="time" type="xlong" value="1254355200000"/>
<entry key="useDate" type="xboolean" value="true"/>
<entry key="useTime" type="xboolean" value="false"/>
<entry key="useMillis" type="xboolean" value="false"/>
</config>
<config key="timestamp_to_Internals">
<entry key="SettingsModelID" type="xstring" value="settingsmodel.datetime"/>
<entry key="EnabledStatus" type="xboolean" value="true"/>
</config>
<config key="timestamp_to">
<entry key="time" type="xlong" value="1270040340000"/>
<entry key="useDate" type="xboolean" value="true"/>
<entry key="useTime" type="xboolean" value="true"/>
<entry key="useMillis" type="xboolean" value="false"/>
</config>
<config key="column_name_Internals">
<entry key="SettingsModelID" type="xstring" value="SMID_string"/>
<entry key="EnabledStatus" type="xboolean" value="true"/>
</config>
<entry key="column_name" type="xstring" value="Date"/>
</config>
<entry key="hasContent" type="xboolean" value="true"/>
<entry key="isInactive" type="xboolean" value="false"/>
<config key="ports">
<config key="port_1">
<entry key="index" type="xint" value="1"/>
<entry key="port_spec_class" type="xstring" value="org.knime.core.data.DataTableSpec"/>
<entry key="port_object_class" type="xstring" value="org.knime.core.node.BufferedDataTable"/>
<entry key="port_object_summary" type="xstring" value="Rows: 725, Cols: 8"/>
<entry key="port_dir_location" type="xstring" value="port_1"/>
</config>
</config>
<config key="filestores">
<entry key="file_store_location" type="xstring" isnull="true" value=""/>
<entry key="file_store_id" type="xstring" value="a97b39ce-6663-4b0e-8d31-b3984957bc7c"/>
</config>
</config>
