<?xml version="1.0" encoding="UTF-8"?>
<config xmlns="http://www.knime.org/2008/09/XMLConfig" xmlns:xsi="http://www.w3.org/2001/XMLSchema-instance" xsi:schemaLocation="http://www.knime.org/2008/09/XMLConfig http://www.knime.org/XMLConfig_2008_09.xsd" key="settings.xml">
<entry key="name" type="xstring" value="Partitioning"/>
<config key="model">
<entry key="method" type="xstring" value="Relative"/>
<entry key="samplingMethod" type="xstring" value="Random"/>
<entry key="fraction" type="xdouble" value="0.24"/>
<entry key="count" type="xint" value="100"/>
<entry key="random_seed" type="xstring" isnull="true" value=""/>
<entry key="class_column" type="xstring" value="HasBugs"/>
</config>
<entry key="hasContent" type="xboolean" value="true"/>
<entry key="isInactive" type="xboolean" value="false"/>
<config key="ports">
<config key="port_1">
<entry key="index" type="xint" value="1"/>
<entry key="port_spec_class" type="xstring" value="org.knime.core.data.DataTableSpec"/>
<entry key="port_object_class" type="xstring" value="org.knime.core.node.BufferedDataTable"/>
<entry key="port_object_summary" type="xstring" value="Rows: 79, Cols: 7"/>
<entry key="port_dir_location" type="xstring" value="port_1"/>
</config>
<config key="port_2">
<entry key="index" type="xint" value="2"/>
<entry key="port_spec_class" type="xstring" value="org.knime.core.data.DataTableSpec"/>
<entry key="port_object_class" type="xstring" value="org.knime.core.node.BufferedDataTable"/>
<entry key="port_object_summary" type="xstring" value="Rows: 253, Cols: 7"/>
<entry key="port_dir_location" type="xstring" value="port_2"/>
</config>
</config>
<config key="filestores">
<entry key="file_store_location" type="xstring" isnull="true" value=""/>
<entry key="file_store_id" type="xstring" value="678bc317-dc5b-4d6b-8c0d-badec932f5a8"/>
</config>
</config>
