<?xml version="1.0" encoding="UTF-8"?>
<config xmlns="http://www.knime.org/2008/09/XMLConfig" xmlns:xsi="http://www.w3.org/2001/XMLSchema-instance" xsi:schemaLocation="http://www.knime.org/2008/09/XMLConfig http://www.knime.org/XMLConfig_2008_09.xsd" key="settings.xml">
<entry key="name" type="xstring" value="Column Filter"/>
<config key="model">
<config key="column-filter">
<entry key="filter-type" type="xstring" value="STANDARD"/>
<config key="included_names">
<entry key="array-size" type="xint" value="7"/>
<entry key="0" type="xstring" value="NOE"/>
<entry key="1" type="xstring" value="EF"/>
<entry key="2" type="xstring" value="PreBugs"/>
<entry key="3" type="xstring" value="MutationScoreIndicator"/>
<entry key="4" type="xstring" value="ComplexityCoverage"/>
<entry key="5" type="xstring" value="WeightedMethodsPerClass"/>
<entry key="6" type="xstring" value="PostBugs"/>
</config>
<config key="excluded_names">
<entry key="array-size" type="xint" value="29"/>
<entry key="0" type="xstring" value="NOEE"/>
<entry key="1" type="xstring" value="DMO"/>
<entry key="2" type="xstring" value="PO"/>
<entry key="3" type="xstring" value="OCO"/>
<entry key="4" type="xstring" value="OOW"/>
<entry key="5" type="xstring" value="OIF"/>
<entry key="6" type="xstring" value="NOE1"/>
<entry key="7" type="xstring" value="NOE2"/>
<entry key="8" type="xstring" value="NOE3"/>
<entry key="9" type="xstring" value="NOE4"/>
<entry key="10" type="xstring" value="NOE5"/>
<entry key="11" type="xstring" value="Issues"/>
<entry key="12" type="xstring" value="NumberOfUniqueIssues"/>
<entry key="13" type="xstring" value="LineCoverage"/>
<entry key="14" type="xstring" value="InstructionsCoverage"/>
<entry key="15" type="xstring" value="BrancheCoverage"/>
<entry key="16" type="xstring" value="MethodCoverage"/>
<entry key="17" type="xstring" value="ClassCoverage"/>
<entry key="18" type="xstring" value="NumberOfOverriddenMethods"/>
<entry key="19" type="xstring" value="NumberOfAttributes"/>
<entry key="20" type="xstring" value="NumberOfChildren"/>
<entry key="21" type="xstring" value="NumberOfMethods"/>
<entry key="22" type="xstring" value="DepthOfInheritanceTree"/>
<entry key="23" type="xstring" value="LackOfCohesionOfMethods"/>
<entry key="24" type="xstring" value="NumberOfStaticMethods"/>
<entry key="25" type="xstring" value="SpecializationIndex"/>
<entry key="26" type="xstring" value="NumberOfStaticAttributes"/>
<entry key="27" type="xstring" value="Issues (#1)"/>
<entry key="28" type="xstring" value="NumberOfUniqueIssues (#1)"/>
</config>
<entry key="enforce_option" type="xstring" value="EnforceExclusion"/>
</config>
</config>
<entry key="hasContent" type="xboolean" value="true"/>
<entry key="isInactive" type="xboolean" value="false"/>
<config key="ports">
<config key="port_1">
<entry key="index" type="xint" value="1"/>
<entry key="port_spec_class" type="xstring" value="org.knime.core.data.DataTableSpec"/>
<entry key="port_object_class" type="xstring" value="org.knime.core.node.BufferedDataTable"/>
<entry key="port_object_summary" type="xstring" value="Rows: 332, Cols: 7"/>
<entry key="port_dir_location" type="xstring" value="port_1"/>
</config>
</config>
<config key="filestores">
<entry key="file_store_location" type="xstring" isnull="true" value=""/>
<entry key="file_store_id" type="xstring" value="29ce233d-5078-40cd-bf36-21de7d5c8da3"/>
</config>
</config>
