<?xml version="1.0" encoding="UTF-8"?>
<config xmlns="http://www.knime.org/2008/09/XMLConfig" xmlns:xsi="http://www.w3.org/2001/XMLSchema-instance" xsi:schemaLocation="http://www.knime.org/2008/09/XMLConfig http://www.knime.org/XMLConfig_2008_09.xsd" key="settings.xml">
<entry key="name" type="xstring" value="Decision Tree To Image"/>
<config key="model">
<entry key="unfoldMethod" type="xstring" value="totalCoverage"/>
<entry key="unfoldToLevel" type="xint" value="2"/>
<entry key="unfoldWithCoverage" type="xdouble" value="0.05"/>
<entry key="displayTable" type="xboolean" value="true"/>
<entry key="displayChart" type="xboolean" value="true"/>
<entry key="width" type="xint" value="800"/>
<entry key="height" type="xint" value="600"/>
<entry key="scaleFactor" type="xfloat" value="1.0"/>
<entry key="scaling" type="xstring" value="shrink"/>
</config>
<entry key="hasContent" type="xboolean" value="true"/>
<entry key="isInactive" type="xboolean" value="false"/>
<config key="ports">
<config key="port_1">
<entry key="index" type="xint" value="1"/>
<entry key="port_spec_class" type="xstring" value="org.knime.core.node.port.image.ImagePortObjectSpec"/>
<entry key="port_object_class" type="xstring" value="org.knime.core.node.port.image.ImagePortObject"/>
<entry key="port_object_summary" type="xstring" value="PNG Image 800 x 600 with 17 KB"/>
<entry key="port_spec_location" type="xstring" value="spec/spec.zip"/>
<entry key="port_object_location" type="xstring" value="object/portobject.zip"/>
<entry key="port_dir_location" type="xstring" value="port_1"/>
</config>
</config>
<config key="filestores">
<entry key="file_store_location" type="xstring" isnull="true" value=""/>
<entry key="file_store_id" type="xstring" value="f1714748-c280-41f6-b54b-ef405fd9d38e"/>
</config>
</config>
