<?xml version="1.0" encoding="UTF-8"?>
<config xmlns="http://www.knime.org/2008/09/XMLConfig" xmlns:xsi="http://www.w3.org/2001/XMLSchema-instance" xsi:schemaLocation="http://www.knime.org/2008/09/XMLConfig http://www.knime.org/XMLConfig_2008_09.xsd" key="settings.xml">
<entry key="name" type="xstring" value="Missing Value"/>
<config key="model">
<config key="meta_colsetting">
<config key="meta_int">
<entry key="miss_method" type="xint" value="-1"/>
<entry key="col_types" type="xint" value="1"/>
</config>
<config key="meta_double">
<entry key="miss_method" type="xint" value="-1"/>
<entry key="col_types" type="xint" value="0"/>
</config>
<config key="meta_other">
<entry key="miss_method" type="xint" value="-1"/>
<entry key="col_types" type="xint" value="-1"/>
</config>
</config>
<config key="individual_colsetting">
<config key="PreBugs">
<config key="col_names">
<entry key="array-size" type="xint" value="1"/>
<entry key="0" type="xstring" value="PreBugs"/>
</config>
<entry key="miss_method" type="xint" value="1"/>
<entry key="col_types" type="xint" value="1"/>
<config key="fix_val">
<entry key="datacell" type="xstring" value="org.knime.core.data.def.IntCell"/>
<config key="org.knime.core.data.def.IntCell">
<entry key="IntCell" type="xint" value="0"/>
</config>
</config>
</config>
<config key="NOE5">
<config key="col_names">
<entry key="array-size" type="xint" value="1"/>
<entry key="0" type="xstring" value="NOE5"/>
</config>
<entry key="miss_method" type="xint" value="1"/>
<entry key="col_types" type="xint" value="1"/>
<config key="fix_val">
<entry key="datacell" type="xstring" value="org.knime.core.data.def.IntCell"/>
<config key="org.knime.core.data.def.IntCell">
<entry key="IntCell" type="xint" value="0"/>
</config>
</config>
</config>
<config key="NOE4">
<config key="col_names">
<entry key="array-size" type="xint" value="1"/>
<entry key="0" type="xstring" value="NOE4"/>
</config>
<entry key="miss_method" type="xint" value="1"/>
<entry key="col_types" type="xint" value="1"/>
<config key="fix_val">
<entry key="datacell" type="xstring" value="org.knime.core.data.def.IntCell"/>
<config key="org.knime.core.data.def.IntCell">
<entry key="IntCell" type="xint" value="0"/>
</config>
</config>
</config>
<config key="NOE3">
<config key="col_names">
<entry key="array-size" type="xint" value="1"/>
<entry key="0" type="xstring" value="NOE3"/>
</config>
<entry key="miss_method" type="xint" value="1"/>
<entry key="col_types" type="xint" value="1"/>
<config key="fix_val">
<entry key="datacell" type="xstring" value="org.knime.core.data.def.IntCell"/>
<config key="org.knime.core.data.def.IntCell">
<entry key="IntCell" type="xint" value="0"/>
</config>
</config>
</config>
<config key="NOE2">
<config key="col_names">
<entry key="array-size" type="xint" value="1"/>
<entry key="0" type="xstring" value="NOE2"/>
</config>
<entry key="miss_method" type="xint" value="1"/>
<entry key="col_types" type="xint" value="1"/>
<config key="fix_val">
<entry key="datacell" type="xstring" value="org.knime.core.data.def.IntCell"/>
<config key="org.knime.core.data.def.IntCell">
<entry key="IntCell" type="xint" value="0"/>
</config>
</config>
</config>
<config key="NOE1">
<config key="col_names">
<entry key="array-size" type="xint" value="1"/>
<entry key="0" type="xstring" value="NOE1"/>
</config>
<entry key="miss_method" type="xint" value="1"/>
<entry key="col_types" type="xint" value="1"/>
<config key="fix_val">
<entry key="datacell" type="xstring" value="org.knime.core.data.def.IntCell"/>
<config key="org.knime.core.data.def.IntCell">
<entry key="IntCell" type="xint" value="0"/>
</config>
</config>
</config>
<config key="EF">
<config key="col_names">
<entry key="array-size" type="xint" value="1"/>
<entry key="0" type="xstring" value="EF"/>
</config>
<entry key="miss_method" type="xint" value="1"/>
<entry key="col_types" type="xint" value="1"/>
<config key="fix_val">
<entry key="datacell" type="xstring" value="org.knime.core.data.def.IntCell"/>
<config key="org.knime.core.data.def.IntCell">
<entry key="IntCell" type="xint" value="0"/>
</config>
</config>
</config>
<config key="NOEE">
<config key="col_names">
<entry key="array-size" type="xint" value="1"/>
<entry key="0" type="xstring" value="NOEE"/>
</config>
<entry key="miss_method" type="xint" value="1"/>
<entry key="col_types" type="xint" value="1"/>
<config key="fix_val">
<entry key="datacell" type="xstring" value="org.knime.core.data.def.IntCell"/>
<config key="org.knime.core.data.def.IntCell">
<entry key="IntCell" type="xint" value="0"/>
</config>
</config>
</config>
<config key="NOE">
<config key="col_names">
<entry key="array-size" type="xint" value="1"/>
<entry key="0" type="xstring" value="NOE"/>
</config>
<entry key="miss_method" type="xint" value="1"/>
<entry key="col_types" type="xint" value="1"/>
<config key="fix_val">
<entry key="datacell" type="xstring" value="org.knime.core.data.def.IntCell"/>
<config key="org.knime.core.data.def.IntCell">
<entry key="IntCell" type="xint" value="0"/>
</config>
</config>
</config>
<config key="PostBugs">
<config key="col_names">
<entry key="array-size" type="xint" value="1"/>
<entry key="0" type="xstring" value="PostBugs"/>
</config>
<entry key="miss_method" type="xint" value="1"/>
<entry key="col_types" type="xint" value="1"/>
<config key="fix_val">
<entry key="datacell" type="xstring" value="org.knime.core.data.def.IntCell"/>
<config key="org.knime.core.data.def.IntCell">
<entry key="IntCell" type="xint" value="0"/>
</config>
</config>
</config>
<config key="MutationScoreIndicator">
<config key="col_names">
<entry key="array-size" type="xint" value="1"/>
<entry key="0" type="xstring" value="MutationScoreIndicator"/>
</config>
<entry key="miss_method" type="xint" value="1"/>
<entry key="col_types" type="xint" value="0"/>
<config key="fix_val">
<entry key="datacell" type="xstring" value="org.knime.core.data.def.DoubleCell"/>
<config key="org.knime.core.data.def.DoubleCell">
<entry key="DoubleCell" type="xdouble" value="1.0"/>
</config>
</config>
</config>
<config key="ComplexityCoverage">
<config key="col_names">
<entry key="array-size" type="xint" value="1"/>
<entry key="0" type="xstring" value="ComplexityCoverage"/>
</config>
<entry key="miss_method" type="xint" value="1"/>
<entry key="col_types" type="xint" value="0"/>
<config key="fix_val">
<entry key="datacell" type="xstring" value="org.knime.core.data.def.DoubleCell"/>
<config key="org.knime.core.data.def.DoubleCell">
<entry key="DoubleCell" type="xdouble" value="0.0"/>
</config>
</config>
</config>
</config>
</config>
<entry key="hasContent" type="xboolean" value="true"/>
<entry key="isInactive" type="xboolean" value="false"/>
<config key="ports">
<config key="port_1">
<entry key="index" type="xint" value="1"/>
<entry key="port_spec_class" type="xstring" value="org.knime.core.data.DataTableSpec"/>
<entry key="port_object_class" type="xstring" value="org.knime.core.node.BufferedDataTable"/>
<entry key="port_object_summary" type="xstring" value="Rows: 332, Cols: 36"/>
<entry key="port_dir_location" type="xstring" value="port_1"/>
</config>
</config>
<config key="filestores">
<entry key="file_store_location" type="xstring" isnull="true" value=""/>
<entry key="file_store_id" type="xstring" value="e7af9652-c215-41eb-b3d7-4f17f89928ab"/>
</config>
</config>
